<coordinator-app xmlns = "uri:oozie:coordinator:0.2" name =
   "hcoord_copydata_from_external_orc" frequency = "15" start =   "2018-09-17T01:24Z" end = "2018-09-17T20:45Z" timezone = "America/New_York" >
   
   <controls>
      <timeout>1</timeout>
      <concurrency>1</concurrency>
      <execution>FIFO</execution>
      <throttle>1</throttle>
   </controls>
   
   <action>
      <workflow>
         <app-path>${nameNode}/user/maria_dev/oozie/incrementalWorkflow.xml</app-path>
      </workflow>
   </action>
	
</coordinator-app>
