<?xml version="1.0" encoding="UTF-8"?>
<workflow-app xmlns="uri:oozie:workflow:0.2" name="movie-wf">
    <start to="sqoopmovies_node"/>

    <action name="sqoopmovies_node">
        <sqoop xmlns="uri:oozie:sqoop-action:0.2">
            <job-tracker>${jobTracker}</job-tracker>
            <name-node>${nameNode}</name-node>
            <configuration>
                <property>
                    <name>mapred.job.queue.name</name>
                    <value>${queueName}</value>
                </property>
            </configuration>
<command>job --meta-connect jdbc:hsqldb:hsql://localhost:16000/sqoop --exec movieJob</command>		 		
	    
	    <archive>/user/maria_dev/lib/java-json.jar#java-json.jar</archive>
        </sqoop>
        <ok to="end"/>
        <error to="fail"/>
    </action>
<kill name="fail">
        <message> Workflow failed, error message[${wf:errorMessage(wf:lastErrorNode())}]</message>
    </kill>
    <end name="end"/>
</workflow-app>
